bytes,content-type,elapsed,endpoint,resource,status,entry-date,start-date,end-date
1208,text/html,0.169,03b4b9c71aff16af723080addffa2c63812efe2dc0a0d28772c8e87bcec1db22,,500,2021-02-12T16:18:47.431575,,
5092,application/octet-stream,0.113,04cf69f42d47bce5a9756d6df0ff91a2a692f6eb54fb4da42c46df6ae6574b91,793808b6f468304807ee92e8d3b6f568cd97ff8e13550fc53f10a222731f10b1,200,2021-02-12T16:18:47.431575,,
7491,text/html; charset=utf-8,0.106,0c7824da797b9562120d05fcca7eaa9135d82813e1494d0d51f51e5680b6ba9d,,200,2021-02-12T16:18:47.431575,,
5201,application/octet-stream,0.233,1b78db1c1f91b863efc393197395697a831ae6fe7c3e0050a004e12e38d57fcc,cb0e27af25c0bd56fd00ba2b241c16500b1c0fe9a3b4abf4c3c5845c7fc90047,200,2021-02-12T16:18:47.431575,,
1208,text/html,0.015,1e35b6daadcfaf1a2a40d68b19c18ba92c8ced6ad0e9bdfb3c378fc1c156b9f2,,500,2021-02-12T16:18:47.431575,,
1205,application/octet-stream,0.187,266f6a4303ca00862996537c60e84e91f85928a1dd5be53a17e20c369da37303,83742383e1796e092422bc58706d210f9b079956ac57c9c845614af5b322da30,200,2021-02-12T16:18:47.431575,,
,,0.001,33f348d97537b507f6b606c8de2adb8fc5a93f2864aa272ba687df723b09b532,,,2021-02-12T16:18:47.431575,,
7035,text/html; charset=UTF-8,0.206,3a04a41d701d43fd88fa3bb2851a3715d68e395ff9da1819b210704df2f10f6b,,200,2021-02-12T16:18:47.431575,,
4804,text/csv,0.099,3c6e01bbf35f5618601873d4025c1d3abae976b24dd58bd41611feea56f7d84e,dd7407b9ef67a555c1a4c5bd41c61c2ebf221fd8478d0a1275422f2290f7c079,200,2021-02-12T16:18:47.431575,,
2079,application/vnd.ms-excel,0.129,450f93f25887ed07df4f266fd5c6c4c910d84ff6a0d37e71aa7edfe297c4dffe,a53905296c09687d6109b8cd24c4683f1becd592f98a1d3b74ae18cad5bdaff2,200,2021-02-12T16:18:47.431575,,
963,application/octet-stream,0.039,5a43596efd483ce830f6e8fc9b40645f7e3829b8c829ea5d4d4bf96a4bb73088,5511d62e32ffa237fb161d4b3cfce14e78a2bd8dddb3349f03b3399683dda1da,200,2021-02-12T16:18:47.431575,,
761,application/x-zip-compressed,0.121,5bd3fe053af0d46c804498e2938e16786d65935044797ce394a03aa93bc3188f,6875e66232fddb37aac46350f297d36d44dca546a4744199daa002932afa08b0,200,2021-02-12T16:18:47.431575,,
8411,application/vnd.ms-excel,0.329,605168f4c230cf457c55a953540aab1e4537bbcd1b97094f811ce345a5479807,7755985fe27da15dcad47c1ed32bf86f3a5452e20b6b3f9b155610bc90cac880,200,2021-02-12T16:18:47.431575,,
1060,text/csv,0.094,67d437af3185d71185cb7693beff108ebc6feea2f91df5feb616f87ace9a429e,f0a0a9575d78bbabee8b99aa84b08529d598b079cfb2383d5b3f50cc5ebbcc44,200,2021-02-12T16:18:47.431575,,
2464,application/octet-stream,0.09,67f61203894882a61ed0df22dc6bb5867051d82111b3cd2f907d7f702cbdf0fe,3eeb367706ed642d8ee96b78eb41b199625e81ba5fbd4df96ffe5c9928964d4b,200,2021-02-12T16:18:47.431575,,
492,application/x-zip-compressed,0.14,697dbfe28573767f45aeb099d7babe91561e95353609c8a18ab855fbd0dc96f5,7937d4461ac9ee183946138b93d67868edbc39ddd5f589eac8c4f6cdde08e9e4,200,2021-02-12T16:18:47.431575,,
16821,application/vnd.openxmlformats-officedocument.spreadsheetml.sheet,0.104,6c56f27c240da02d6bf0449bbd4c8f71163fe60be0ebacefbd2e5480a899aa48,a475b18d7eddcb7c3d88b8671ab193c34df929f131d646a5357e6472ec885b39,200,2021-02-12T16:18:47.431575,,
6217,text/csv,0.021,80ba52142432123215915ed80bbee5b568de768a92ef8f7b97fe872a57fa6c5f,9dff86d3399b09c76da7353d65d52539fd8fcb25c934a815b5d13326c1a7141a,200,2021-02-12T16:18:47.431575,,
215,application/xml,0.137,819b2ef6fabea4142cbd05d7e5449a404ca6a5a8258cec711a4a8354f6a51a0a,,404,2021-02-12T16:18:47.431575,,
,application/octet-stream,0.099,86b8b9fb695025941a7f16e9db7c35b5573345460b92d95383d537ad14470ccd,db0657204595c9253cdc9ecb7fac06615af433148eae36898ba31699f2c86e7f,200,2021-02-12T16:18:47.431575,,
5416,application/vnd.ms-excel,0.067,871a30878a9f39e64c8f27a2d6eb63b1445122df929388235dc6ad773fc87778,1185abfc82b22f7964c9db5c45eb0bdc59f880cbf06fe76699ff4f44d413c37e,200,2021-02-12T16:18:47.431575,,
21220,application/octet-stream,0.157,8e78089325ae9aa83ac898bdac70b13f48c3867b3d310af4a9016b29c70c8c35,0e3eb04edb0e4d864de1a8979dd9b703a43af5631159e1c3ad4a243e034ab8e8,200,2021-02-12T16:18:47.431575,,
4643,text/csv,0.092,914e84dd87312abf478d67da171e8dc5c8e6946ce7ad0d32737dab75f5530698,4040b7684b6073a8f5d209f62b20af04fba7e19f6e35002debd1bf148c25a87e,200,2021-02-12T16:18:47.431575,,
,,0.158,96b7450b1f36e003fe640407e12ff8818015401412c3ec0bddcdba7afb369896,1a7662f136386bd8b30a7a31e11111559b0cb89a69c0fe5679d5948fb8e9c3c8,200,2021-02-12T16:18:47.431575,,
4158,application/vnd.ms-excel,0.169,9afe15840237f1b985ff722088913e650834d2827f6b0119422f0242da53be5f,8f9747e53a2edbc5da5ecd95b90dca06a644a72ea346d12cc690057e79e1caac,200,2021-02-12T16:18:47.431575,,
33881,text/csv,0.218,9c3bc807103396ac8676859a0ef89768e8f67ee4a677da0693333571e1c50f4c,a4158b07dda1a153d640c7ad7d8e6ac95178985e7bf6d96fc31468071c9b159a,200,2021-02-12T16:18:47.431575,,
5869,application/vnd.ms-excel,0.132,9ef56ec1d69b833696cf01772f596dae6ffde5e510c0980988b2b7180a4a4735,e7ca5b3b0157972149b2a38c06e7fb63a96c74d5d7cd287101adad2653167653,200,2021-02-12T16:18:47.431575,,
16028,text/csv,0.449,ab5f9891cd4f8fdb4b5a70b17c6b5134d5a5de750f751f039de1000a2931cb95,95fe2cea7e470cef08d11da5902efb3472fc5ec731d15c7d95cc0fc1e92b86e2,200,2021-02-12T16:18:47.431575,,
437,text/csv,0.084,ac85cd6749b8dec9b8be4ec6cf88ae721abeea9089c0f72fb50f8809dfc80050,935583b64cfbe7afded7d700d16afdc2257ba8335806a481e9968ea5a2062f26,200,2021-02-12T16:18:47.431575,,
6437,application/octet-stream,0.102,acc64c0dfd7cb892710745cc128c5a52c05c5219274baf6fc04c615caa343203,01e0140a6d4dd19f9be9bf4b67a9e60c2f27c7f290032e1be7d3d2b4842b32c1,200,2021-02-12T16:18:47.431575,,
4936,application/octet-stream,0.227,b4a9ea1d51cabb43df3b2597cf9b403e66a7711a69743420c1c75c0302b72007,72f558e37c1d6c89106323886ed354498545abcf50f3f4fa34d622f7174ebab9,200,2021-02-12T16:18:47.431575,,
691,text/csv,0.156,b95d4641513f0b999d42de4eeefce08fcbe7d0ddc4d5970c7a9e8aa330ecf15a,d2278626ea7d643cb19f37ca81e5f01e02fb2a2d61f26ad5931e6f983ba203a9,200,2021-02-12T16:18:47.431575,,
950,application/octet-stream,0.061,cbbd6e49bad34c453957aa803a235eb657a79397b0845aa7b383ea4ac2fbf092,d2875a91f628c3a081595c1a798a1ccae06dbefe03d168da3a892d6c16c6cf3a,200,2021-02-12T16:18:47.431575,,
2048,application/octet-stream,0.109,ceab451289dbca5d078da2e7aafeef58392d5dc410d718e086859fa41a6d8810,e903e4fbe6154cd629d55a171f6d164f5fcdc2b0e49517a0414e54741b55bb86,200,2021-02-12T16:18:47.431575,,
13173,text/csv,0.477,dada07835331757552efca96881859b4c5159c89fe44837b6185da761d80e54f,c00186b3bc331dcfdaea2fcae30f437f7cab5bc1de08aa1c95d4ec8b7ee87621,200,2021-02-12T16:18:47.431575,,
13767,text/csv,0.062,e08f600e90eb62a72fe50b79d49681b2d64a966df97fc77dc6c20a8a8a09f43e,08711612fcde44985ba344127826cadf611dacf65716c3f6ca8b97b8cb8db07e,200,2021-02-12T16:18:47.431575,,
5943,text/csv,0.045,e771020a1b6988d816e809cee11bc8a8bc46a31d7c74640340f67d64d4dc7d40,d122952b0db54197ef4ea5bc5db9f2b996cd15adf4518ed55da03b62e49983cb,200,2021-02-12T16:18:47.431575,,
1811,text/csv,0.111,ea080017f5b7e966e610a093053208abc19117506eca678fd3532938502e519d,4579e644c2aae3f294119f87085abdf28d64749d8c56c08fc824497ade34f74d,200,2021-02-12T16:18:47.431575,,
5538,application/octet-stream,0.117,ea306a1820af9ac94bbf75ae6de68a40a8446d1c1988a8ff2f4956dda6080196,03d1d1d57f17a930761ccc80fe3ac5b839d1c4b4bd0f3c46e4af535c7bcb30e0,200,2021-02-12T16:18:47.431575,,
4367,application/octet-stream,0.188,ee9944f8f80e2eb0bc662cdabd825e4e4db64a5416112c6e442f23f12263b341,985b0cf53b7e9ac7cba0a3df1cccb0d51218cb4c74d859059bc4bcdf9dab6b47,200,2021-02-12T16:18:47.431575,,
11986,text/html; charset=utf-8,0.38,f5fc273210dfd5dc13e851eddc2f07d7b3cc57239c701cb872d4580d1c3c5b05,,200,2021-02-12T16:18:47.431575,,
11847,text/html; charset=utf-8,0.432,f72c927f7cc0a10adfe5d44facd25c31025403dc46b9e55815e67c26957a60e0,,200,2021-02-12T16:18:47.431575,,
14339,application/vnd.openxmlformats-officedocument.spreadsheetml.sheet,0.053,fa1741152bf57edffcec7fe60c60be95450df6d95cfc71696609617e2015a18b,61915bf3624776697231d10fc0fa1221339662418ada2fdbefdec9fd552194f7,200,2021-02-12T16:18:47.431575,,
8314,application/octet-stream,0.061,fac58beef7997f7697044f4ad77e922092c43182bb6fe746631785e760d452cd,6810eaab2a893bd470268834c8457a2969fefb36fc3fa66ee0fb25e18677dc9d,200,2021-02-12T16:18:47.431575,,
1208,text/html,0.219,03b4b9c71aff16af723080addffa2c63812efe2dc0a0d28772c8e87bcec1db22,,500,2021-02-15T10:16:29.708768,,
5092,application/octet-stream,0.112,04cf69f42d47bce5a9756d6df0ff91a2a692f6eb54fb4da42c46df6ae6574b91,793808b6f468304807ee92e8d3b6f568cd97ff8e13550fc53f10a222731f10b1,200,2021-02-15T10:16:29.708768,,
7492,text/html; charset=utf-8,0.289,0c7824da797b9562120d05fcca7eaa9135d82813e1494d0d51f51e5680b6ba9d,,200,2021-02-15T10:16:29.708768,,
5201,application/octet-stream,0.492,1b78db1c1f91b863efc393197395697a831ae6fe7c3e0050a004e12e38d57fcc,cb0e27af25c0bd56fd00ba2b241c16500b1c0fe9a3b4abf4c3c5845c7fc90047,200,2021-02-15T10:16:29.708768,,
1208,text/html,0.019,1e35b6daadcfaf1a2a40d68b19c18ba92c8ced6ad0e9bdfb3c378fc1c156b9f2,,500,2021-02-15T10:16:29.708768,,
1205,application/octet-stream,0.171,266f6a4303ca00862996537c60e84e91f85928a1dd5be53a17e20c369da37303,83742383e1796e092422bc58706d210f9b079956ac57c9c845614af5b322da30,200,2021-02-15T10:16:29.708768,,
,,0.001,33f348d97537b507f6b606c8de2adb8fc5a93f2864aa272ba687df723b09b532,,,2021-02-15T10:16:29.708768,,
7035,text/html; charset=UTF-8,0.215,3a04a41d701d43fd88fa3bb2851a3715d68e395ff9da1819b210704df2f10f6b,,200,2021-02-15T10:16:29.708768,,
4804,text/csv,0.133,3c6e01bbf35f5618601873d4025c1d3abae976b24dd58bd41611feea56f7d84e,dd7407b9ef67a555c1a4c5bd41c61c2ebf221fd8478d0a1275422f2290f7c079,200,2021-02-15T10:16:29.708768,,
2079,application/vnd.ms-excel,0.141,450f93f25887ed07df4f266fd5c6c4c910d84ff6a0d37e71aa7edfe297c4dffe,a53905296c09687d6109b8cd24c4683f1becd592f98a1d3b74ae18cad5bdaff2,200,2021-02-15T10:16:29.708768,,
963,application/octet-stream,0.053,5a43596efd483ce830f6e8fc9b40645f7e3829b8c829ea5d4d4bf96a4bb73088,5511d62e32ffa237fb161d4b3cfce14e78a2bd8dddb3349f03b3399683dda1da,200,2021-02-15T10:16:29.708768,,
761,application/x-zip-compressed,0.229,5bd3fe053af0d46c804498e2938e16786d65935044797ce394a03aa93bc3188f,6875e66232fddb37aac46350f297d36d44dca546a4744199daa002932afa08b0,200,2021-02-15T10:16:29.708768,,
8411,application/vnd.ms-excel,0.42,605168f4c230cf457c55a953540aab1e4537bbcd1b97094f811ce345a5479807,7755985fe27da15dcad47c1ed32bf86f3a5452e20b6b3f9b155610bc90cac880,200,2021-02-15T10:16:29.708768,,
1060,text/csv,0.119,67d437af3185d71185cb7693beff108ebc6feea2f91df5feb616f87ace9a429e,f0a0a9575d78bbabee8b99aa84b08529d598b079cfb2383d5b3f50cc5ebbcc44,200,2021-02-15T10:16:29.708768,,
2464,application/octet-stream,0.236,67f61203894882a61ed0df22dc6bb5867051d82111b3cd2f907d7f702cbdf0fe,3eeb367706ed642d8ee96b78eb41b199625e81ba5fbd4df96ffe5c9928964d4b,200,2021-02-15T10:16:29.708768,,
492,application/x-zip-compressed,0.267,697dbfe28573767f45aeb099d7babe91561e95353609c8a18ab855fbd0dc96f5,7937d4461ac9ee183946138b93d67868edbc39ddd5f589eac8c4f6cdde08e9e4,200,2021-02-15T10:16:29.708768,,
16821,application/vnd.openxmlformats-officedocument.spreadsheetml.sheet,0.14,6c56f27c240da02d6bf0449bbd4c8f71163fe60be0ebacefbd2e5480a899aa48,a475b18d7eddcb7c3d88b8671ab193c34df929f131d646a5357e6472ec885b39,200,2021-02-15T10:16:29.708768,,
6217,text/csv,0.025,80ba52142432123215915ed80bbee5b568de768a92ef8f7b97fe872a57fa6c5f,9dff86d3399b09c76da7353d65d52539fd8fcb25c934a815b5d13326c1a7141a,200,2021-02-15T10:16:29.708768,,
215,application/xml,0.131,819b2ef6fabea4142cbd05d7e5449a404ca6a5a8258cec711a4a8354f6a51a0a,,404,2021-02-15T10:16:29.708768,,
,application/octet-stream,0.079,86b8b9fb695025941a7f16e9db7c35b5573345460b92d95383d537ad14470ccd,db0657204595c9253cdc9ecb7fac06615af433148eae36898ba31699f2c86e7f,200,2021-02-15T10:16:29.708768,,
5416,application/vnd.ms-excel,0.101,871a30878a9f39e64c8f27a2d6eb63b1445122df929388235dc6ad773fc87778,1185abfc82b22f7964c9db5c45eb0bdc59f880cbf06fe76699ff4f44d413c37e,200,2021-02-15T10:16:29.708768,,
21220,application/octet-stream,0.18,8e78089325ae9aa83ac898bdac70b13f48c3867b3d310af4a9016b29c70c8c35,0e3eb04edb0e4d864de1a8979dd9b703a43af5631159e1c3ad4a243e034ab8e8,200,2021-02-15T10:16:29.708768,,
4643,text/csv,0.168,914e84dd87312abf478d67da171e8dc5c8e6946ce7ad0d32737dab75f5530698,4040b7684b6073a8f5d209f62b20af04fba7e19f6e35002debd1bf148c25a87e,200,2021-02-15T10:16:29.708768,,
,,0.18,96b7450b1f36e003fe640407e12ff8818015401412c3ec0bddcdba7afb369896,1a7662f136386bd8b30a7a31e11111559b0cb89a69c0fe5679d5948fb8e9c3c8,200,2021-02-15T10:16:29.708768,,
4158,application/vnd.ms-excel,0.199,9afe15840237f1b985ff722088913e650834d2827f6b0119422f0242da53be5f,8f9747e53a2edbc5da5ecd95b90dca06a644a72ea346d12cc690057e79e1caac,200,2021-02-15T10:16:29.708768,,
33881,text/csv,0.271,9c3bc807103396ac8676859a0ef89768e8f67ee4a677da0693333571e1c50f4c,a4158b07dda1a153d640c7ad7d8e6ac95178985e7bf6d96fc31468071c9b159a,200,2021-02-15T10:16:29.708768,,
5869,application/vnd.ms-excel,0.178,9ef56ec1d69b833696cf01772f596dae6ffde5e510c0980988b2b7180a4a4735,e7ca5b3b0157972149b2a38c06e7fb63a96c74d5d7cd287101adad2653167653,200,2021-02-15T10:16:29.708768,,
16028,text/csv,0.299,ab5f9891cd4f8fdb4b5a70b17c6b5134d5a5de750f751f039de1000a2931cb95,95fe2cea7e470cef08d11da5902efb3472fc5ec731d15c7d95cc0fc1e92b86e2,200,2021-02-15T10:16:29.708768,,
437,text/csv,0.168,ac85cd6749b8dec9b8be4ec6cf88ae721abeea9089c0f72fb50f8809dfc80050,935583b64cfbe7afded7d700d16afdc2257ba8335806a481e9968ea5a2062f26,200,2021-02-15T10:16:29.708768,,
6437,application/octet-stream,0.091,acc64c0dfd7cb892710745cc128c5a52c05c5219274baf6fc04c615caa343203,01e0140a6d4dd19f9be9bf4b67a9e60c2f27c7f290032e1be7d3d2b4842b32c1,200,2021-02-15T10:16:29.708768,,
4936,application/octet-stream,0.245,b4a9ea1d51cabb43df3b2597cf9b403e66a7711a69743420c1c75c0302b72007,72f558e37c1d6c89106323886ed354498545abcf50f3f4fa34d622f7174ebab9,200,2021-02-15T10:16:29.708768,,
691,text/csv,0.245,b95d4641513f0b999d42de4eeefce08fcbe7d0ddc4d5970c7a9e8aa330ecf15a,d2278626ea7d643cb19f37ca81e5f01e02fb2a2d61f26ad5931e6f983ba203a9,200,2021-02-15T10:16:29.708768,,
950,application/octet-stream,0.081,cbbd6e49bad34c453957aa803a235eb657a79397b0845aa7b383ea4ac2fbf092,d2875a91f628c3a081595c1a798a1ccae06dbefe03d168da3a892d6c16c6cf3a,200,2021-02-15T10:16:29.708768,,
2048,application/octet-stream,0.107,ceab451289dbca5d078da2e7aafeef58392d5dc410d718e086859fa41a6d8810,e903e4fbe6154cd629d55a171f6d164f5fcdc2b0e49517a0414e54741b55bb86,200,2021-02-15T10:16:29.708768,,
13173,text/csv,0.463,dada07835331757552efca96881859b4c5159c89fe44837b6185da761d80e54f,c00186b3bc331dcfdaea2fcae30f437f7cab5bc1de08aa1c95d4ec8b7ee87621,200,2021-02-15T10:16:29.708768,,
13767,text/csv,0.084,e08f600e90eb62a72fe50b79d49681b2d64a966df97fc77dc6c20a8a8a09f43e,08711612fcde44985ba344127826cadf611dacf65716c3f6ca8b97b8cb8db07e,200,2021-02-15T10:16:29.708768,,
5943,text/csv,0.071,e771020a1b6988d816e809cee11bc8a8bc46a31d7c74640340f67d64d4dc7d40,d122952b0db54197ef4ea5bc5db9f2b996cd15adf4518ed55da03b62e49983cb,200,2021-02-15T10:16:29.708768,,
1811,text/csv,0.137,ea080017f5b7e966e610a093053208abc19117506eca678fd3532938502e519d,4579e644c2aae3f294119f87085abdf28d64749d8c56c08fc824497ade34f74d,200,2021-02-15T10:16:29.708768,,
5538,application/octet-stream,0.121,ea306a1820af9ac94bbf75ae6de68a40a8446d1c1988a8ff2f4956dda6080196,03d1d1d57f17a930761ccc80fe3ac5b839d1c4b4bd0f3c46e4af535c7bcb30e0,200,2021-02-15T10:16:29.708768,,
4367,application/octet-stream,0.163,ee9944f8f80e2eb0bc662cdabd825e4e4db64a5416112c6e442f23f12263b341,985b0cf53b7e9ac7cba0a3df1cccb0d51218cb4c74d859059bc4bcdf9dab6b47,200,2021-02-15T10:16:29.708768,,
11980,text/html; charset=utf-8,0.398,f5fc273210dfd5dc13e851eddc2f07d7b3cc57239c701cb872d4580d1c3c5b05,,200,2021-02-15T10:16:29.708768,,
11849,text/html; charset=utf-8,0.594,f72c927f7cc0a10adfe5d44facd25c31025403dc46b9e55815e67c26957a60e0,,200,2021-02-15T10:16:29.708768,,
14339,application/vnd.openxmlformats-officedocument.spreadsheetml.sheet,0.239,fa1741152bf57edffcec7fe60c60be95450df6d95cfc71696609617e2015a18b,61915bf3624776697231d10fc0fa1221339662418ada2fdbefdec9fd552194f7,200,2021-02-15T10:16:29.708768,,
8314,application/octet-stream,0.109,fac58beef7997f7697044f4ad77e922092c43182bb6fe746631785e760d452cd,6810eaab2a893bd470268834c8457a2969fefb36fc3fa66ee0fb25e18677dc9d,200,2021-02-15T10:16:29.708768,,
1208,text/html,0.759,03b4b9c71aff16af723080addffa2c63812efe2dc0a0d28772c8e87bcec1db22,,500,2021-02-16T00:44:40.795608,,
5092,application/octet-stream,0.896,04cf69f42d47bce5a9756d6df0ff91a2a692f6eb54fb4da42c46df6ae6574b91,793808b6f468304807ee92e8d3b6f568cd97ff8e13550fc53f10a222731f10b1,200,2021-02-16T00:44:40.795608,,
7491,text/html; charset=utf-8,0.562,0c7824da797b9562120d05fcca7eaa9135d82813e1494d0d51f51e5680b6ba9d,,200,2021-02-16T00:44:40.795608,,
5201,application/octet-stream,0.935,1b78db1c1f91b863efc393197395697a831ae6fe7c3e0050a004e12e38d57fcc,cb0e27af25c0bd56fd00ba2b241c16500b1c0fe9a3b4abf4c3c5845c7fc90047,200,2021-02-16T00:44:40.795608,,
1208,text/html,0.088,1e35b6daadcfaf1a2a40d68b19c18ba92c8ced6ad0e9bdfb3c378fc1c156b9f2,,500,2021-02-16T00:44:40.795608,,
1205,application/octet-stream,1.076,266f6a4303ca00862996537c60e84e91f85928a1dd5be53a17e20c369da37303,83742383e1796e092422bc58706d210f9b079956ac57c9c845614af5b322da30,200,2021-02-16T00:44:40.795608,,
,,0.0,33f348d97537b507f6b606c8de2adb8fc5a93f2864aa272ba687df723b09b532,,,2021-02-16T00:44:40.795608,,
7035,text/html; charset=UTF-8,0.854,3a04a41d701d43fd88fa3bb2851a3715d68e395ff9da1819b210704df2f10f6b,,200,2021-02-16T00:44:40.795608,,
4804,text/csv,0.689,3c6e01bbf35f5618601873d4025c1d3abae976b24dd58bd41611feea56f7d84e,dd7407b9ef67a555c1a4c5bd41c61c2ebf221fd8478d0a1275422f2290f7c079,200,2021-02-16T00:44:40.795608,,
2079,application/vnd.ms-excel,1.022,450f93f25887ed07df4f266fd5c6c4c910d84ff6a0d37e71aa7edfe297c4dffe,a53905296c09687d6109b8cd24c4683f1becd592f98a1d3b74ae18cad5bdaff2,200,2021-02-16T00:44:40.795608,,
963,application/octet-stream,0.519,5a43596efd483ce830f6e8fc9b40645f7e3829b8c829ea5d4d4bf96a4bb73088,5511d62e32ffa237fb161d4b3cfce14e78a2bd8dddb3349f03b3399683dda1da,200,2021-02-16T00:44:40.795608,,
761,application/x-zip-compressed,0.702,5bd3fe053af0d46c804498e2938e16786d65935044797ce394a03aa93bc3188f,6875e66232fddb37aac46350f297d36d44dca546a4744199daa002932afa08b0,200,2021-02-16T00:44:40.795608,,
8411,application/vnd.ms-excel,0.886,605168f4c230cf457c55a953540aab1e4537bbcd1b97094f811ce345a5479807,7755985fe27da15dcad47c1ed32bf86f3a5452e20b6b3f9b155610bc90cac880,200,2021-02-16T00:44:40.795608,,
1060,text/csv,0.54,67d437af3185d71185cb7693beff108ebc6feea2f91df5feb616f87ace9a429e,f0a0a9575d78bbabee8b99aa84b08529d598b079cfb2383d5b3f50cc5ebbcc44,200,2021-02-16T00:44:40.795608,,
2464,application/octet-stream,4.328,67f61203894882a61ed0df22dc6bb5867051d82111b3cd2f907d7f702cbdf0fe,3eeb367706ed642d8ee96b78eb41b199625e81ba5fbd4df96ffe5c9928964d4b,200,2021-02-16T00:44:40.795608,,
492,application/x-zip-compressed,1.658,697dbfe28573767f45aeb099d7babe91561e95353609c8a18ab855fbd0dc96f5,7937d4461ac9ee183946138b93d67868edbc39ddd5f589eac8c4f6cdde08e9e4,200,2021-02-16T00:44:40.795608,,
16821,application/vnd.openxmlformats-officedocument.spreadsheetml.sheet,0.705,6c56f27c240da02d6bf0449bbd4c8f71163fe60be0ebacefbd2e5480a899aa48,a475b18d7eddcb7c3d88b8671ab193c34df929f131d646a5357e6472ec885b39,200,2021-02-16T00:44:40.795608,,
6217,text/csv,0.074,80ba52142432123215915ed80bbee5b568de768a92ef8f7b97fe872a57fa6c5f,9dff86d3399b09c76da7353d65d52539fd8fcb25c934a815b5d13326c1a7141a,200,2021-02-16T00:44:40.795608,,
215,application/xml,0.451,819b2ef6fabea4142cbd05d7e5449a404ca6a5a8258cec711a4a8354f6a51a0a,,404,2021-02-16T00:44:40.795608,,
,application/octet-stream,0.412,86b8b9fb695025941a7f16e9db7c35b5573345460b92d95383d537ad14470ccd,db0657204595c9253cdc9ecb7fac06615af433148eae36898ba31699f2c86e7f,200,2021-02-16T00:44:40.795608,,
5416,application/vnd.ms-excel,0.466,871a30878a9f39e64c8f27a2d6eb63b1445122df929388235dc6ad773fc87778,1185abfc82b22f7964c9db5c45eb0bdc59f880cbf06fe76699ff4f44d413c37e,200,2021-02-16T00:44:40.795608,,
21220,application/octet-stream,0.683,8e78089325ae9aa83ac898bdac70b13f48c3867b3d310af4a9016b29c70c8c35,0e3eb04edb0e4d864de1a8979dd9b703a43af5631159e1c3ad4a243e034ab8e8,200,2021-02-16T00:44:40.795608,,
4643,text/csv,0.705,914e84dd87312abf478d67da171e8dc5c8e6946ce7ad0d32737dab75f5530698,4040b7684b6073a8f5d209f62b20af04fba7e19f6e35002debd1bf148c25a87e,200,2021-02-16T00:44:40.795608,,
,,0.887,96b7450b1f36e003fe640407e12ff8818015401412c3ec0bddcdba7afb369896,1a7662f136386bd8b30a7a31e11111559b0cb89a69c0fe5679d5948fb8e9c3c8,200,2021-02-16T00:44:40.795608,,
4158,application/vnd.ms-excel,0.9,9afe15840237f1b985ff722088913e650834d2827f6b0119422f0242da53be5f,8f9747e53a2edbc5da5ecd95b90dca06a644a72ea346d12cc690057e79e1caac,200,2021-02-16T00:44:40.795608,,
33881,text/csv,0.929,9c3bc807103396ac8676859a0ef89768e8f67ee4a677da0693333571e1c50f4c,a4158b07dda1a153d640c7ad7d8e6ac95178985e7bf6d96fc31468071c9b159a,200,2021-02-16T00:44:40.795608,,
5869,application/vnd.ms-excel,0.97,9ef56ec1d69b833696cf01772f596dae6ffde5e510c0980988b2b7180a4a4735,e7ca5b3b0157972149b2a38c06e7fb63a96c74d5d7cd287101adad2653167653,200,2021-02-16T00:44:40.795608,,
16028,text/csv,1.197,ab5f9891cd4f8fdb4b5a70b17c6b5134d5a5de750f751f039de1000a2931cb95,95fe2cea7e470cef08d11da5902efb3472fc5ec731d15c7d95cc0fc1e92b86e2,200,2021-02-16T00:44:40.795608,,
437,text/csv,0.718,ac85cd6749b8dec9b8be4ec6cf88ae721abeea9089c0f72fb50f8809dfc80050,935583b64cfbe7afded7d700d16afdc2257ba8335806a481e9968ea5a2062f26,200,2021-02-16T00:44:40.795608,,
6437,application/octet-stream,0.416,acc64c0dfd7cb892710745cc128c5a52c05c5219274baf6fc04c615caa343203,01e0140a6d4dd19f9be9bf4b67a9e60c2f27c7f290032e1be7d3d2b4842b32c1,200,2021-02-16T00:44:40.795608,,
4936,application/octet-stream,0.656,b4a9ea1d51cabb43df3b2597cf9b403e66a7711a69743420c1c75c0302b72007,72f558e37c1d6c89106323886ed354498545abcf50f3f4fa34d622f7174ebab9,200,2021-02-16T00:44:40.795608,,
691,text/csv,1.258,b95d4641513f0b999d42de4eeefce08fcbe7d0ddc4d5970c7a9e8aa330ecf15a,d2278626ea7d643cb19f37ca81e5f01e02fb2a2d61f26ad5931e6f983ba203a9,200,2021-02-16T00:44:40.795608,,
950,application/octet-stream,0.498,cbbd6e49bad34c453957aa803a235eb657a79397b0845aa7b383ea4ac2fbf092,d2875a91f628c3a081595c1a798a1ccae06dbefe03d168da3a892d6c16c6cf3a,200,2021-02-16T00:44:40.795608,,
2048,application/octet-stream,0.415,ceab451289dbca5d078da2e7aafeef58392d5dc410d718e086859fa41a6d8810,e903e4fbe6154cd629d55a171f6d164f5fcdc2b0e49517a0414e54741b55bb86,200,2021-02-16T00:44:40.795608,,
13173,text/csv,0.673,dada07835331757552efca96881859b4c5159c89fe44837b6185da761d80e54f,c00186b3bc331dcfdaea2fcae30f437f7cab5bc1de08aa1c95d4ec8b7ee87621,200,2021-02-16T00:44:40.795608,,
13767,text/csv,0.632,e08f600e90eb62a72fe50b79d49681b2d64a966df97fc77dc6c20a8a8a09f43e,08711612fcde44985ba344127826cadf611dacf65716c3f6ca8b97b8cb8db07e,200,2021-02-16T00:44:40.795608,,
5943,text/csv,0.438,e771020a1b6988d816e809cee11bc8a8bc46a31d7c74640340f67d64d4dc7d40,d122952b0db54197ef4ea5bc5db9f2b996cd15adf4518ed55da03b62e49983cb,200,2021-02-16T00:44:40.795608,,
1811,text/csv,0.706,ea080017f5b7e966e610a093053208abc19117506eca678fd3532938502e519d,4579e644c2aae3f294119f87085abdf28d64749d8c56c08fc824497ade34f74d,200,2021-02-16T00:44:40.795608,,
5538,application/octet-stream,0.734,ea306a1820af9ac94bbf75ae6de68a40a8446d1c1988a8ff2f4956dda6080196,03d1d1d57f17a930761ccc80fe3ac5b839d1c4b4bd0f3c46e4af535c7bcb30e0,200,2021-02-16T00:44:40.795608,,
4367,application/octet-stream,0.694,ee9944f8f80e2eb0bc662cdabd825e4e4db64a5416112c6e442f23f12263b341,985b0cf53b7e9ac7cba0a3df1cccb0d51218cb4c74d859059bc4bcdf9dab6b47,200,2021-02-16T00:44:40.795608,,
12070,text/html; charset=utf-8,0.868,f5fc273210dfd5dc13e851eddc2f07d7b3cc57239c701cb872d4580d1c3c5b05,,200,2021-02-16T00:44:40.795608,,
11960,text/html; charset=utf-8,0.986,f72c927f7cc0a10adfe5d44facd25c31025403dc46b9e55815e67c26957a60e0,,200,2021-02-16T00:44:40.795608,,
14339,application/vnd.openxmlformats-officedocument.spreadsheetml.sheet,0.903,fa1741152bf57edffcec7fe60c60be95450df6d95cfc71696609617e2015a18b,61915bf3624776697231d10fc0fa1221339662418ada2fdbefdec9fd552194f7,200,2021-02-16T00:44:40.795608,,
8314,application/octet-stream,0.624,fac58beef7997f7697044f4ad77e922092c43182bb6fe746631785e760d452cd,6810eaab2a893bd470268834c8457a2969fefb36fc3fa66ee0fb25e18677dc9d,200,2021-02-16T00:44:40.795608,,
1208,text/html,0.834,03b4b9c71aff16af723080addffa2c63812efe2dc0a0d28772c8e87bcec1db22,,500,2021-02-17T00:44:22.866701,,
5092,application/octet-stream,0.886,04cf69f42d47bce5a9756d6df0ff91a2a692f6eb54fb4da42c46df6ae6574b91,793808b6f468304807ee92e8d3b6f568cd97ff8e13550fc53f10a222731f10b1,200,2021-02-17T00:44:22.866701,,
7494,text/html; charset=utf-8,0.573,0c7824da797b9562120d05fcca7eaa9135d82813e1494d0d51f51e5680b6ba9d,,200,2021-02-17T00:44:22.866701,,
5201,application/octet-stream,0.628,1b78db1c1f91b863efc393197395697a831ae6fe7c3e0050a004e12e38d57fcc,cb0e27af25c0bd56fd00ba2b241c16500b1c0fe9a3b4abf4c3c5845c7fc90047,200,2021-02-17T00:44:22.866701,,
1208,text/html,0.088,1e35b6daadcfaf1a2a40d68b19c18ba92c8ced6ad0e9bdfb3c378fc1c156b9f2,,500,2021-02-17T00:44:22.866701,,
1205,application/octet-stream,1.044,266f6a4303ca00862996537c60e84e91f85928a1dd5be53a17e20c369da37303,83742383e1796e092422bc58706d210f9b079956ac57c9c845614af5b322da30,200,2021-02-17T00:44:22.866701,,
,,0.0,33f348d97537b507f6b606c8de2adb8fc5a93f2864aa272ba687df723b09b532,,,2021-02-17T00:44:22.866701,,
7035,text/html; charset=UTF-8,0.717,3a04a41d701d43fd88fa3bb2851a3715d68e395ff9da1819b210704df2f10f6b,,200,2021-02-17T00:44:22.866701,,
4804,text/csv,0.74,3c6e01bbf35f5618601873d4025c1d3abae976b24dd58bd41611feea56f7d84e,dd7407b9ef67a555c1a4c5bd41c61c2ebf221fd8478d0a1275422f2290f7c079,200,2021-02-17T00:44:22.866701,,
2079,application/vnd.ms-excel,1.168,450f93f25887ed07df4f266fd5c6c4c910d84ff6a0d37e71aa7edfe297c4dffe,a53905296c09687d6109b8cd24c4683f1becd592f98a1d3b74ae18cad5bdaff2,200,2021-02-17T00:44:22.866701,,
963,application/octet-stream,0.372,5a43596efd483ce830f6e8fc9b40645f7e3829b8c829ea5d4d4bf96a4bb73088,5511d62e32ffa237fb161d4b3cfce14e78a2bd8dddb3349f03b3399683dda1da,200,2021-02-17T00:44:22.866701,,
761,application/x-zip-compressed,0.695,5bd3fe053af0d46c804498e2938e16786d65935044797ce394a03aa93bc3188f,6875e66232fddb37aac46350f297d36d44dca546a4744199daa002932afa08b0,200,2021-02-17T00:44:22.866701,,
8411,application/vnd.ms-excel,0.783,605168f4c230cf457c55a953540aab1e4537bbcd1b97094f811ce345a5479807,7755985fe27da15dcad47c1ed32bf86f3a5452e20b6b3f9b155610bc90cac880,200,2021-02-17T00:44:22.866701,,
1060,text/csv,0.567,67d437af3185d71185cb7693beff108ebc6feea2f91df5feb616f87ace9a429e,f0a0a9575d78bbabee8b99aa84b08529d598b079cfb2383d5b3f50cc5ebbcc44,200,2021-02-17T00:44:22.866701,,
2464,application/octet-stream,2.75,67f61203894882a61ed0df22dc6bb5867051d82111b3cd2f907d7f702cbdf0fe,3eeb367706ed642d8ee96b78eb41b199625e81ba5fbd4df96ffe5c9928964d4b,200,2021-02-17T00:44:22.866701,,
492,application/x-zip-compressed,0.659,697dbfe28573767f45aeb099d7babe91561e95353609c8a18ab855fbd0dc96f5,7937d4461ac9ee183946138b93d67868edbc39ddd5f589eac8c4f6cdde08e9e4,200,2021-02-17T00:44:22.866701,,
16821,application/vnd.openxmlformats-officedocument.spreadsheetml.sheet,0.718,6c56f27c240da02d6bf0449bbd4c8f71163fe60be0ebacefbd2e5480a899aa48,a475b18d7eddcb7c3d88b8671ab193c34df929f131d646a5357e6472ec885b39,200,2021-02-17T00:44:22.866701,,
6217,text/csv,0.075,80ba52142432123215915ed80bbee5b568de768a92ef8f7b97fe872a57fa6c5f,9dff86d3399b09c76da7353d65d52539fd8fcb25c934a815b5d13326c1a7141a,200,2021-02-17T00:44:22.866701,,
215,application/xml,0.433,819b2ef6fabea4142cbd05d7e5449a404ca6a5a8258cec711a4a8354f6a51a0a,,404,2021-02-17T00:44:22.866701,,
,application/octet-stream,0.394,86b8b9fb695025941a7f16e9db7c35b5573345460b92d95383d537ad14470ccd,db0657204595c9253cdc9ecb7fac06615af433148eae36898ba31699f2c86e7f,200,2021-02-17T00:44:22.866701,,
5416,application/vnd.ms-excel,0.439,871a30878a9f39e64c8f27a2d6eb63b1445122df929388235dc6ad773fc87778,1185abfc82b22f7964c9db5c45eb0bdc59f880cbf06fe76699ff4f44d413c37e,200,2021-02-17T00:44:22.866701,,
21220,application/octet-stream,0.697,8e78089325ae9aa83ac898bdac70b13f48c3867b3d310af4a9016b29c70c8c35,0e3eb04edb0e4d864de1a8979dd9b703a43af5631159e1c3ad4a243e034ab8e8,200,2021-02-17T00:44:22.866701,,
4643,text/csv,0.721,914e84dd87312abf478d67da171e8dc5c8e6946ce7ad0d32737dab75f5530698,4040b7684b6073a8f5d209f62b20af04fba7e19f6e35002debd1bf148c25a87e,200,2021-02-17T00:44:22.866701,,
,,0.915,96b7450b1f36e003fe640407e12ff8818015401412c3ec0bddcdba7afb369896,1a7662f136386bd8b30a7a31e11111559b0cb89a69c0fe5679d5948fb8e9c3c8,200,2021-02-17T00:44:22.866701,,
4158,application/vnd.ms-excel,0.735,9afe15840237f1b985ff722088913e650834d2827f6b0119422f0242da53be5f,8f9747e53a2edbc5da5ecd95b90dca06a644a72ea346d12cc690057e79e1caac,200,2021-02-17T00:44:22.866701,,
33881,text/csv,0.869,9c3bc807103396ac8676859a0ef89768e8f67ee4a677da0693333571e1c50f4c,a4158b07dda1a153d640c7ad7d8e6ac95178985e7bf6d96fc31468071c9b159a,200,2021-02-17T00:44:22.866701,,
5869,application/vnd.ms-excel,0.882,9ef56ec1d69b833696cf01772f596dae6ffde5e510c0980988b2b7180a4a4735,e7ca5b3b0157972149b2a38c06e7fb63a96c74d5d7cd287101adad2653167653,200,2021-02-17T00:44:22.866701,,
16028,text/csv,1.158,ab5f9891cd4f8fdb4b5a70b17c6b5134d5a5de750f751f039de1000a2931cb95,95fe2cea7e470cef08d11da5902efb3472fc5ec731d15c7d95cc0fc1e92b86e2,200,2021-02-17T00:44:22.866701,,
437,text/csv,0.86,ac85cd6749b8dec9b8be4ec6cf88ae721abeea9089c0f72fb50f8809dfc80050,935583b64cfbe7afded7d700d16afdc2257ba8335806a481e9968ea5a2062f26,200,2021-02-17T00:44:22.866701,,
6437,application/octet-stream,0.398,acc64c0dfd7cb892710745cc128c5a52c05c5219274baf6fc04c615caa343203,01e0140a6d4dd19f9be9bf4b67a9e60c2f27c7f290032e1be7d3d2b4842b32c1,200,2021-02-17T00:44:22.866701,,
4936,application/octet-stream,0.635,b4a9ea1d51cabb43df3b2597cf9b403e66a7711a69743420c1c75c0302b72007,72f558e37c1d6c89106323886ed354498545abcf50f3f4fa34d622f7174ebab9,200,2021-02-17T00:44:22.866701,,
691,text/csv,1.344,b95d4641513f0b999d42de4eeefce08fcbe7d0ddc4d5970c7a9e8aa330ecf15a,d2278626ea7d643cb19f37ca81e5f01e02fb2a2d61f26ad5931e6f983ba203a9,200,2021-02-17T00:44:22.866701,,
950,application/octet-stream,0.399,cbbd6e49bad34c453957aa803a235eb657a79397b0845aa7b383ea4ac2fbf092,d2875a91f628c3a081595c1a798a1ccae06dbefe03d168da3a892d6c16c6cf3a,200,2021-02-17T00:44:22.866701,,
2048,application/octet-stream,0.413,ceab451289dbca5d078da2e7aafeef58392d5dc410d718e086859fa41a6d8810,e903e4fbe6154cd629d55a171f6d164f5fcdc2b0e49517a0414e54741b55bb86,200,2021-02-17T00:44:22.866701,,
13173,text/csv,0.735,dada07835331757552efca96881859b4c5159c89fe44837b6185da761d80e54f,c00186b3bc331dcfdaea2fcae30f437f7cab5bc1de08aa1c95d4ec8b7ee87621,200,2021-02-17T00:44:22.866701,,
13767,text/csv,0.611,e08f600e90eb62a72fe50b79d49681b2d64a966df97fc77dc6c20a8a8a09f43e,08711612fcde44985ba344127826cadf611dacf65716c3f6ca8b97b8cb8db07e,200,2021-02-17T00:44:22.866701,,
5943,text/csv,0.55,e771020a1b6988d816e809cee11bc8a8bc46a31d7c74640340f67d64d4dc7d40,d122952b0db54197ef4ea5bc5db9f2b996cd15adf4518ed55da03b62e49983cb,200,2021-02-17T00:44:22.866701,,
1811,text/csv,0.672,ea080017f5b7e966e610a093053208abc19117506eca678fd3532938502e519d,4579e644c2aae3f294119f87085abdf28d64749d8c56c08fc824497ade34f74d,200,2021-02-17T00:44:22.866701,,
5538,application/octet-stream,4.016,ea306a1820af9ac94bbf75ae6de68a40a8446d1c1988a8ff2f4956dda6080196,03d1d1d57f17a930761ccc80fe3ac5b839d1c4b4bd0f3c46e4af535c7bcb30e0,200,2021-02-17T00:44:22.866701,,
4367,application/octet-stream,0.512,ee9944f8f80e2eb0bc662cdabd825e4e4db64a5416112c6e442f23f12263b341,985b0cf53b7e9ac7cba0a3df1cccb0d51218cb4c74d859059bc4bcdf9dab6b47,200,2021-02-17T00:44:22.866701,,
12071,text/html; charset=utf-8,0.808,f5fc273210dfd5dc13e851eddc2f07d7b3cc57239c701cb872d4580d1c3c5b05,,200,2021-02-17T00:44:22.866701,,
11921,text/html; charset=utf-8,0.879,f72c927f7cc0a10adfe5d44facd25c31025403dc46b9e55815e67c26957a60e0,,200,2021-02-17T00:44:22.866701,,
14339,application/vnd.openxmlformats-officedocument.spreadsheetml.sheet,0.763,fa1741152bf57edffcec7fe60c60be95450df6d95cfc71696609617e2015a18b,61915bf3624776697231d10fc0fa1221339662418ada2fdbefdec9fd552194f7,200,2021-02-17T00:44:22.866701,,
8314,application/octet-stream,0.529,fac58beef7997f7697044f4ad77e922092c43182bb6fe746631785e760d452cd,6810eaab2a893bd470268834c8457a2969fefb36fc3fa66ee0fb25e18677dc9d,200,2021-02-17T00:44:22.866701,,
1208,text/html,0.731,03b4b9c71aff16af723080addffa2c63812efe2dc0a0d28772c8e87bcec1db22,,500,2021-02-18T00:45:04.249474,,
5092,application/octet-stream,0.916,04cf69f42d47bce5a9756d6df0ff91a2a692f6eb54fb4da42c46df6ae6574b91,793808b6f468304807ee92e8d3b6f568cd97ff8e13550fc53f10a222731f10b1,200,2021-02-18T00:45:04.249474,,
7490,text/html; charset=utf-8,0.587,0c7824da797b9562120d05fcca7eaa9135d82813e1494d0d51f51e5680b6ba9d,,200,2021-02-18T00:45:04.249474,,
5201,application/octet-stream,0.852,1b78db1c1f91b863efc393197395697a831ae6fe7c3e0050a004e12e38d57fcc,cb0e27af25c0bd56fd00ba2b241c16500b1c0fe9a3b4abf4c3c5845c7fc90047,200,2021-02-18T00:45:04.249474,,
1208,text/html,0.088,1e35b6daadcfaf1a2a40d68b19c18ba92c8ced6ad0e9bdfb3c378fc1c156b9f2,,500,2021-02-18T00:45:04.249474,,
1205,application/octet-stream,0.973,266f6a4303ca00862996537c60e84e91f85928a1dd5be53a17e20c369da37303,83742383e1796e092422bc58706d210f9b079956ac57c9c845614af5b322da30,200,2021-02-18T00:45:04.249474,,
,,0.001,33f348d97537b507f6b606c8de2adb8fc5a93f2864aa272ba687df723b09b532,,,2021-02-18T00:45:04.249474,,
7035,text/html; charset=UTF-8,0.901,3a04a41d701d43fd88fa3bb2851a3715d68e395ff9da1819b210704df2f10f6b,,200,2021-02-18T00:45:04.249474,,
4804,text/csv,0.684,3c6e01bbf35f5618601873d4025c1d3abae976b24dd58bd41611feea56f7d84e,dd7407b9ef67a555c1a4c5bd41c61c2ebf221fd8478d0a1275422f2290f7c079,200,2021-02-18T00:45:04.249474,,
2079,application/vnd.ms-excel,1.0,450f93f25887ed07df4f266fd5c6c4c910d84ff6a0d37e71aa7edfe297c4dffe,a53905296c09687d6109b8cd24c4683f1becd592f98a1d3b74ae18cad5bdaff2,200,2021-02-18T00:45:04.249474,,
963,application/octet-stream,0.422,5a43596efd483ce830f6e8fc9b40645f7e3829b8c829ea5d4d4bf96a4bb73088,5511d62e32ffa237fb161d4b3cfce14e78a2bd8dddb3349f03b3399683dda1da,200,2021-02-18T00:45:04.249474,,
761,application/x-zip-compressed,0.696,5bd3fe053af0d46c804498e2938e16786d65935044797ce394a03aa93bc3188f,6875e66232fddb37aac46350f297d36d44dca546a4744199daa002932afa08b0,200,2021-02-18T00:45:04.249474,,
8411,application/vnd.ms-excel,0.842,605168f4c230cf457c55a953540aab1e4537bbcd1b97094f811ce345a5479807,7755985fe27da15dcad47c1ed32bf86f3a5452e20b6b3f9b155610bc90cac880,200,2021-02-18T00:45:04.249474,,
1060,text/csv,0.525,67d437af3185d71185cb7693beff108ebc6feea2f91df5feb616f87ace9a429e,f0a0a9575d78bbabee8b99aa84b08529d598b079cfb2383d5b3f50cc5ebbcc44,200,2021-02-18T00:45:04.249474,,
2464,application/octet-stream,0.789,67f61203894882a61ed0df22dc6bb5867051d82111b3cd2f907d7f702cbdf0fe,3eeb367706ed642d8ee96b78eb41b199625e81ba5fbd4df96ffe5c9928964d4b,200,2021-02-18T00:45:04.249474,,
492,application/x-zip-compressed,0.648,697dbfe28573767f45aeb099d7babe91561e95353609c8a18ab855fbd0dc96f5,7937d4461ac9ee183946138b93d67868edbc39ddd5f589eac8c4f6cdde08e9e4,200,2021-02-18T00:45:04.249474,,
16821,application/vnd.openxmlformats-officedocument.spreadsheetml.sheet,0.497,6c56f27c240da02d6bf0449bbd4c8f71163fe60be0ebacefbd2e5480a899aa48,a475b18d7eddcb7c3d88b8671ab193c34df929f131d646a5357e6472ec885b39,200,2021-02-18T00:45:04.249474,,
6217,text/csv,0.074,80ba52142432123215915ed80bbee5b568de768a92ef8f7b97fe872a57fa6c5f,9dff86d3399b09c76da7353d65d52539fd8fcb25c934a815b5d13326c1a7141a,200,2021-02-18T00:45:04.249474,,
215,application/xml,0.409,819b2ef6fabea4142cbd05d7e5449a404ca6a5a8258cec711a4a8354f6a51a0a,,404,2021-02-18T00:45:04.249474,,
,application/octet-stream,0.365,86b8b9fb695025941a7f16e9db7c35b5573345460b92d95383d537ad14470ccd,db0657204595c9253cdc9ecb7fac06615af433148eae36898ba31699f2c86e7f,200,2021-02-18T00:45:04.249474,,
5416,application/vnd.ms-excel,0.443,871a30878a9f39e64c8f27a2d6eb63b1445122df929388235dc6ad773fc87778,1185abfc82b22f7964c9db5c45eb0bdc59f880cbf06fe76699ff4f44d413c37e,200,2021-02-18T00:45:04.249474,,
21220,application/octet-stream,0.691,8e78089325ae9aa83ac898bdac70b13f48c3867b3d310af4a9016b29c70c8c35,0e3eb04edb0e4d864de1a8979dd9b703a43af5631159e1c3ad4a243e034ab8e8,200,2021-02-18T00:45:04.249474,,
4643,text/csv,0.742,914e84dd87312abf478d67da171e8dc5c8e6946ce7ad0d32737dab75f5530698,4040b7684b6073a8f5d209f62b20af04fba7e19f6e35002debd1bf148c25a87e,200,2021-02-18T00:45:04.249474,,
,,1.086,96b7450b1f36e003fe640407e12ff8818015401412c3ec0bddcdba7afb369896,1a7662f136386bd8b30a7a31e11111559b0cb89a69c0fe5679d5948fb8e9c3c8,200,2021-02-18T00:45:04.249474,,
4158,application/vnd.ms-excel,3.219,9afe15840237f1b985ff722088913e650834d2827f6b0119422f0242da53be5f,8f9747e53a2edbc5da5ecd95b90dca06a644a72ea346d12cc690057e79e1caac,200,2021-02-18T00:45:04.249474,,
33881,text/csv,0.967,9c3bc807103396ac8676859a0ef89768e8f67ee4a677da0693333571e1c50f4c,a4158b07dda1a153d640c7ad7d8e6ac95178985e7bf6d96fc31468071c9b159a,200,2021-02-18T00:45:04.249474,,
5869,application/vnd.ms-excel,1.016,9ef56ec1d69b833696cf01772f596dae6ffde5e510c0980988b2b7180a4a4735,e7ca5b3b0157972149b2a38c06e7fb63a96c74d5d7cd287101adad2653167653,200,2021-02-18T00:45:04.249474,,
16366,text/csv,1.163,ab5f9891cd4f8fdb4b5a70b17c6b5134d5a5de750f751f039de1000a2931cb95,a37394f1ea5264d215b9964221651a1599c7850d218b494d689037c06617381c,200,2021-02-18T00:45:04.249474,,
437,text/csv,0.718,ac85cd6749b8dec9b8be4ec6cf88ae721abeea9089c0f72fb50f8809dfc80050,935583b64cfbe7afded7d700d16afdc2257ba8335806a481e9968ea5a2062f26,200,2021-02-18T00:45:04.249474,,
6437,application/octet-stream,0.402,acc64c0dfd7cb892710745cc128c5a52c05c5219274baf6fc04c615caa343203,01e0140a6d4dd19f9be9bf4b67a9e60c2f27c7f290032e1be7d3d2b4842b32c1,200,2021-02-18T00:45:04.249474,,
4936,application/octet-stream,0.671,b4a9ea1d51cabb43df3b2597cf9b403e66a7711a69743420c1c75c0302b72007,72f558e37c1d6c89106323886ed354498545abcf50f3f4fa34d622f7174ebab9,200,2021-02-18T00:45:04.249474,,
691,text/csv,1.183,b95d4641513f0b999d42de4eeefce08fcbe7d0ddc4d5970c7a9e8aa330ecf15a,d2278626ea7d643cb19f37ca81e5f01e02fb2a2d61f26ad5931e6f983ba203a9,200,2021-02-18T00:45:04.249474,,
950,application/octet-stream,0.424,cbbd6e49bad34c453957aa803a235eb657a79397b0845aa7b383ea4ac2fbf092,d2875a91f628c3a081595c1a798a1ccae06dbefe03d168da3a892d6c16c6cf3a,200,2021-02-18T00:45:04.249474,,
2048,application/octet-stream,0.411,ceab451289dbca5d078da2e7aafeef58392d5dc410d718e086859fa41a6d8810,e903e4fbe6154cd629d55a171f6d164f5fcdc2b0e49517a0414e54741b55bb86,200,2021-02-18T00:45:04.249474,,
13173,text/csv,0.787,dada07835331757552efca96881859b4c5159c89fe44837b6185da761d80e54f,c00186b3bc331dcfdaea2fcae30f437f7cab5bc1de08aa1c95d4ec8b7ee87621,200,2021-02-18T00:45:04.249474,,
13767,text/csv,0.654,e08f600e90eb62a72fe50b79d49681b2d64a966df97fc77dc6c20a8a8a09f43e,08711612fcde44985ba344127826cadf611dacf65716c3f6ca8b97b8cb8db07e,200,2021-02-18T00:45:04.249474,,
5943,text/csv,0.431,e771020a1b6988d816e809cee11bc8a8bc46a31d7c74640340f67d64d4dc7d40,d122952b0db54197ef4ea5bc5db9f2b996cd15adf4518ed55da03b62e49983cb,200,2021-02-18T00:45:04.249474,,
1811,text/csv,0.594,ea080017f5b7e966e610a093053208abc19117506eca678fd3532938502e519d,4579e644c2aae3f294119f87085abdf28d64749d8c56c08fc824497ade34f74d,200,2021-02-18T00:45:04.249474,,
5538,application/octet-stream,0.758,ea306a1820af9ac94bbf75ae6de68a40a8446d1c1988a8ff2f4956dda6080196,03d1d1d57f17a930761ccc80fe3ac5b839d1c4b4bd0f3c46e4af535c7bcb30e0,200,2021-02-18T00:45:04.249474,,
4367,application/octet-stream,0.54,ee9944f8f80e2eb0bc662cdabd825e4e4db64a5416112c6e442f23f12263b341,985b0cf53b7e9ac7cba0a3df1cccb0d51218cb4c74d859059bc4bcdf9dab6b47,200,2021-02-18T00:45:04.249474,,
12043,text/html; charset=utf-8,0.882,f5fc273210dfd5dc13e851eddc2f07d7b3cc57239c701cb872d4580d1c3c5b05,,200,2021-02-18T00:45:04.249474,,
11927,text/html; charset=utf-8,1.12,f72c927f7cc0a10adfe5d44facd25c31025403dc46b9e55815e67c26957a60e0,,200,2021-02-18T00:45:04.249474,,
14339,application/vnd.openxmlformats-officedocument.spreadsheetml.sheet,2.305,fa1741152bf57edffcec7fe60c60be95450df6d95cfc71696609617e2015a18b,61915bf3624776697231d10fc0fa1221339662418ada2fdbefdec9fd552194f7,200,2021-02-18T00:45:04.249474,,
8314,application/octet-stream,0.566,fac58beef7997f7697044f4ad77e922092c43182bb6fe746631785e760d452cd,6810eaab2a893bd470268834c8457a2969fefb36fc3fa66ee0fb25e18677dc9d,200,2021-02-18T00:45:04.249474,,
1208,text/html,0.672,03b4b9c71aff16af723080addffa2c63812efe2dc0a0d28772c8e87bcec1db22,,500,2021-02-19T00:44:50.722493,,
5092,application/octet-stream,0.747,04cf69f42d47bce5a9756d6df0ff91a2a692f6eb54fb4da42c46df6ae6574b91,793808b6f468304807ee92e8d3b6f568cd97ff8e13550fc53f10a222731f10b1,200,2021-02-19T00:44:50.722493,,
7493,text/html; charset=utf-8,0.78,0c7824da797b9562120d05fcca7eaa9135d82813e1494d0d51f51e5680b6ba9d,,200,2021-02-19T00:44:50.722493,,
5201,application/octet-stream,0.663,1b78db1c1f91b863efc393197395697a831ae6fe7c3e0050a004e12e38d57fcc,cb0e27af25c0bd56fd00ba2b241c16500b1c0fe9a3b4abf4c3c5845c7fc90047,200,2021-02-19T00:44:50.722493,,
1208,text/html,0.087,1e35b6daadcfaf1a2a40d68b19c18ba92c8ced6ad0e9bdfb3c378fc1c156b9f2,,500,2021-02-19T00:44:50.722493,,
1205,application/octet-stream,1.099,266f6a4303ca00862996537c60e84e91f85928a1dd5be53a17e20c369da37303,83742383e1796e092422bc58706d210f9b079956ac57c9c845614af5b322da30,200,2021-02-19T00:44:50.722493,,
,,0.001,33f348d97537b507f6b606c8de2adb8fc5a93f2864aa272ba687df723b09b532,,,2021-02-19T00:44:50.722493,,
7035,text/html; charset=UTF-8,0.659,3a04a41d701d43fd88fa3bb2851a3715d68e395ff9da1819b210704df2f10f6b,,200,2021-02-19T00:44:50.722493,,
4804,text/csv,0.663,3c6e01bbf35f5618601873d4025c1d3abae976b24dd58bd41611feea56f7d84e,dd7407b9ef67a555c1a4c5bd41c61c2ebf221fd8478d0a1275422f2290f7c079,200,2021-02-19T00:44:50.722493,,
2079,application/vnd.ms-excel,0.801,450f93f25887ed07df4f266fd5c6c4c910d84ff6a0d37e71aa7edfe297c4dffe,a53905296c09687d6109b8cd24c4683f1becd592f98a1d3b74ae18cad5bdaff2,200,2021-02-19T00:44:50.722493,,
963,application/octet-stream,0.351,5a43596efd483ce830f6e8fc9b40645f7e3829b8c829ea5d4d4bf96a4bb73088,5511d62e32ffa237fb161d4b3cfce14e78a2bd8dddb3349f03b3399683dda1da,200,2021-02-19T00:44:50.722493,,
761,application/x-zip-compressed,0.667,5bd3fe053af0d46c804498e2938e16786d65935044797ce394a03aa93bc3188f,6875e66232fddb37aac46350f297d36d44dca546a4744199daa002932afa08b0,200,2021-02-19T00:44:50.722493,,
8411,application/vnd.ms-excel,0.918,605168f4c230cf457c55a953540aab1e4537bbcd1b97094f811ce345a5479807,7755985fe27da15dcad47c1ed32bf86f3a5452e20b6b3f9b155610bc90cac880,200,2021-02-19T00:44:50.722493,,
1060,text/csv,0.509,67d437af3185d71185cb7693beff108ebc6feea2f91df5feb616f87ace9a429e,f0a0a9575d78bbabee8b99aa84b08529d598b079cfb2383d5b3f50cc5ebbcc44,200,2021-02-19T00:44:50.722493,,
2464,application/octet-stream,0.642,67f61203894882a61ed0df22dc6bb5867051d82111b3cd2f907d7f702cbdf0fe,3eeb367706ed642d8ee96b78eb41b199625e81ba5fbd4df96ffe5c9928964d4b,200,2021-02-19T00:44:50.722493,,
492,application/x-zip-compressed,0.699,697dbfe28573767f45aeb099d7babe91561e95353609c8a18ab855fbd0dc96f5,7937d4461ac9ee183946138b93d67868edbc39ddd5f589eac8c4f6cdde08e9e4,200,2021-02-19T00:44:50.722493,,
16821,application/vnd.openxmlformats-officedocument.spreadsheetml.sheet,0.665,6c56f27c240da02d6bf0449bbd4c8f71163fe60be0ebacefbd2e5480a899aa48,a475b18d7eddcb7c3d88b8671ab193c34df929f131d646a5357e6472ec885b39,200,2021-02-19T00:44:50.722493,,
6217,text/csv,0.075,80ba52142432123215915ed80bbee5b568de768a92ef8f7b97fe872a57fa6c5f,9dff86d3399b09c76da7353d65d52539fd8fcb25c934a815b5d13326c1a7141a,200,2021-02-19T00:44:50.722493,,
215,application/xml,0.422,819b2ef6fabea4142cbd05d7e5449a404ca6a5a8258cec711a4a8354f6a51a0a,,404,2021-02-19T00:44:50.722493,,
,application/octet-stream,0.369,86b8b9fb695025941a7f16e9db7c35b5573345460b92d95383d537ad14470ccd,db0657204595c9253cdc9ecb7fac06615af433148eae36898ba31699f2c86e7f,200,2021-02-19T00:44:50.722493,,
5416,application/vnd.ms-excel,0.472,871a30878a9f39e64c8f27a2d6eb63b1445122df929388235dc6ad773fc87778,1185abfc82b22f7964c9db5c45eb0bdc59f880cbf06fe76699ff4f44d413c37e,200,2021-02-19T00:44:50.722493,,
21220,application/octet-stream,0.681,8e78089325ae9aa83ac898bdac70b13f48c3867b3d310af4a9016b29c70c8c35,0e3eb04edb0e4d864de1a8979dd9b703a43af5631159e1c3ad4a243e034ab8e8,200,2021-02-19T00:44:50.722493,,
4643,text/csv,0.724,914e84dd87312abf478d67da171e8dc5c8e6946ce7ad0d32737dab75f5530698,4040b7684b6073a8f5d209f62b20af04fba7e19f6e35002debd1bf148c25a87e,200,2021-02-19T00:44:50.722493,,
,,1.009,96b7450b1f36e003fe640407e12ff8818015401412c3ec0bddcdba7afb369896,1a7662f136386bd8b30a7a31e11111559b0cb89a69c0fe5679d5948fb8e9c3c8,200,2021-02-19T00:44:50.722493,,
4158,application/vnd.ms-excel,0.819,9afe15840237f1b985ff722088913e650834d2827f6b0119422f0242da53be5f,8f9747e53a2edbc5da5ecd95b90dca06a644a72ea346d12cc690057e79e1caac,200,2021-02-19T00:44:50.722493,,
33881,text/csv,0.836,9c3bc807103396ac8676859a0ef89768e8f67ee4a677da0693333571e1c50f4c,a4158b07dda1a153d640c7ad7d8e6ac95178985e7bf6d96fc31468071c9b159a,200,2021-02-19T00:44:50.722493,,
5869,application/vnd.ms-excel,0.973,9ef56ec1d69b833696cf01772f596dae6ffde5e510c0980988b2b7180a4a4735,e7ca5b3b0157972149b2a38c06e7fb63a96c74d5d7cd287101adad2653167653,200,2021-02-19T00:44:50.722493,,
16498,text/csv,1.262,ab5f9891cd4f8fdb4b5a70b17c6b5134d5a5de750f751f039de1000a2931cb95,826bd0750d72868fc4802fc795e69f7b92ecfd9e62a1519c925267c95bed14c9,200,2021-02-19T00:44:50.722493,,
437,text/csv,0.734,ac85cd6749b8dec9b8be4ec6cf88ae721abeea9089c0f72fb50f8809dfc80050,935583b64cfbe7afded7d700d16afdc2257ba8335806a481e9968ea5a2062f26,200,2021-02-19T00:44:50.722493,,
6437,application/octet-stream,0.302,acc64c0dfd7cb892710745cc128c5a52c05c5219274baf6fc04c615caa343203,01e0140a6d4dd19f9be9bf4b67a9e60c2f27c7f290032e1be7d3d2b4842b32c1,200,2021-02-19T00:44:50.722493,,
4936,application/octet-stream,0.67,b4a9ea1d51cabb43df3b2597cf9b403e66a7711a69743420c1c75c0302b72007,72f558e37c1d6c89106323886ed354498545abcf50f3f4fa34d622f7174ebab9,200,2021-02-19T00:44:50.722493,,
691,text/csv,1.097,b95d4641513f0b999d42de4eeefce08fcbe7d0ddc4d5970c7a9e8aa330ecf15a,d2278626ea7d643cb19f37ca81e5f01e02fb2a2d61f26ad5931e6f983ba203a9,200,2021-02-19T00:44:50.722493,,
950,application/octet-stream,0.411,cbbd6e49bad34c453957aa803a235eb657a79397b0845aa7b383ea4ac2fbf092,d2875a91f628c3a081595c1a798a1ccae06dbefe03d168da3a892d6c16c6cf3a,200,2021-02-19T00:44:50.722493,,
2048,application/octet-stream,0.426,ceab451289dbca5d078da2e7aafeef58392d5dc410d718e086859fa41a6d8810,e903e4fbe6154cd629d55a171f6d164f5fcdc2b0e49517a0414e54741b55bb86,200,2021-02-19T00:44:50.722493,,
13173,text/csv,0.763,dada07835331757552efca96881859b4c5159c89fe44837b6185da761d80e54f,c00186b3bc331dcfdaea2fcae30f437f7cab5bc1de08aa1c95d4ec8b7ee87621,200,2021-02-19T00:44:50.722493,,
13767,text/csv,0.507,e08f600e90eb62a72fe50b79d49681b2d64a966df97fc77dc6c20a8a8a09f43e,08711612fcde44985ba344127826cadf611dacf65716c3f6ca8b97b8cb8db07e,200,2021-02-19T00:44:50.722493,,
5943,text/csv,0.436,e771020a1b6988d816e809cee11bc8a8bc46a31d7c74640340f67d64d4dc7d40,d122952b0db54197ef4ea5bc5db9f2b996cd15adf4518ed55da03b62e49983cb,200,2021-02-19T00:44:50.722493,,
1811,text/csv,0.788,ea080017f5b7e966e610a093053208abc19117506eca678fd3532938502e519d,4579e644c2aae3f294119f87085abdf28d64749d8c56c08fc824497ade34f74d,200,2021-02-19T00:44:50.722493,,
5538,application/octet-stream,0.744,ea306a1820af9ac94bbf75ae6de68a40a8446d1c1988a8ff2f4956dda6080196,03d1d1d57f17a930761ccc80fe3ac5b839d1c4b4bd0f3c46e4af535c7bcb30e0,200,2021-02-19T00:44:50.722493,,
4367,application/octet-stream,0.516,ee9944f8f80e2eb0bc662cdabd825e4e4db64a5416112c6e442f23f12263b341,985b0cf53b7e9ac7cba0a3df1cccb0d51218cb4c74d859059bc4bcdf9dab6b47,200,2021-02-19T00:44:50.722493,,
12113,text/html; charset=utf-8,0.776,f5fc273210dfd5dc13e851eddc2f07d7b3cc57239c701cb872d4580d1c3c5b05,,200,2021-02-19T00:44:50.722493,,
11948,text/html; charset=utf-8,0.838,f72c927f7cc0a10adfe5d44facd25c31025403dc46b9e55815e67c26957a60e0,,200,2021-02-19T00:44:50.722493,,
14339,application/vnd.openxmlformats-officedocument.spreadsheetml.sheet,2.252,fa1741152bf57edffcec7fe60c60be95450df6d95cfc71696609617e2015a18b,61915bf3624776697231d10fc0fa1221339662418ada2fdbefdec9fd552194f7,200,2021-02-19T00:44:50.722493,,
8314,application/octet-stream,0.531,fac58beef7997f7697044f4ad77e922092c43182bb6fe746631785e760d452cd,6810eaab2a893bd470268834c8457a2969fefb36fc3fa66ee0fb25e18677dc9d,200,2021-02-19T00:44:50.722493,,
1208,text/html,0.754,03b4b9c71aff16af723080addffa2c63812efe2dc0a0d28772c8e87bcec1db22,,500,2021-02-20T00:44:36.332905,,
5092,application/octet-stream,0.832,04cf69f42d47bce5a9756d6df0ff91a2a692f6eb54fb4da42c46df6ae6574b91,793808b6f468304807ee92e8d3b6f568cd97ff8e13550fc53f10a222731f10b1,200,2021-02-20T00:44:36.332905,,
7488,text/html; charset=utf-8,0.544,0c7824da797b9562120d05fcca7eaa9135d82813e1494d0d51f51e5680b6ba9d,,200,2021-02-20T00:44:36.332905,,
5201,application/octet-stream,0.629,1b78db1c1f91b863efc393197395697a831ae6fe7c3e0050a004e12e38d57fcc,cb0e27af25c0bd56fd00ba2b241c16500b1c0fe9a3b4abf4c3c5845c7fc90047,200,2021-02-20T00:44:36.332905,,
1208,text/html,0.087,1e35b6daadcfaf1a2a40d68b19c18ba92c8ced6ad0e9bdfb3c378fc1c156b9f2,,500,2021-02-20T00:44:36.332905,,
1205,application/octet-stream,1.079,266f6a4303ca00862996537c60e84e91f85928a1dd5be53a17e20c369da37303,83742383e1796e092422bc58706d210f9b079956ac57c9c845614af5b322da30,200,2021-02-20T00:44:36.332905,,
,,0.0,33f348d97537b507f6b606c8de2adb8fc5a93f2864aa272ba687df723b09b532,,,2021-02-20T00:44:36.332905,,
7035,text/html; charset=UTF-8,0.977,3a04a41d701d43fd88fa3bb2851a3715d68e395ff9da1819b210704df2f10f6b,,200,2021-02-20T00:44:36.332905,,
4804,text/csv,0.661,3c6e01bbf35f5618601873d4025c1d3abae976b24dd58bd41611feea56f7d84e,dd7407b9ef67a555c1a4c5bd41c61c2ebf221fd8478d0a1275422f2290f7c079,200,2021-02-20T00:44:36.332905,,
2079,application/vnd.ms-excel,1.014,450f93f25887ed07df4f266fd5c6c4c910d84ff6a0d37e71aa7edfe297c4dffe,a53905296c09687d6109b8cd24c4683f1becd592f98a1d3b74ae18cad5bdaff2,200,2021-02-20T00:44:36.332905,,
963,application/octet-stream,0.369,5a43596efd483ce830f6e8fc9b40645f7e3829b8c829ea5d4d4bf96a4bb73088,5511d62e32ffa237fb161d4b3cfce14e78a2bd8dddb3349f03b3399683dda1da,200,2021-02-20T00:44:36.332905,,
761,application/x-zip-compressed,0.668,5bd3fe053af0d46c804498e2938e16786d65935044797ce394a03aa93bc3188f,6875e66232fddb37aac46350f297d36d44dca546a4744199daa002932afa08b0,200,2021-02-20T00:44:36.332905,,
8411,application/vnd.ms-excel,0.892,605168f4c230cf457c55a953540aab1e4537bbcd1b97094f811ce345a5479807,7755985fe27da15dcad47c1ed32bf86f3a5452e20b6b3f9b155610bc90cac880,200,2021-02-20T00:44:36.332905,,
1060,text/csv,0.551,67d437af3185d71185cb7693beff108ebc6feea2f91df5feb616f87ace9a429e,f0a0a9575d78bbabee8b99aa84b08529d598b079cfb2383d5b3f50cc5ebbcc44,200,2021-02-20T00:44:36.332905,,
2464,application/octet-stream,0.666,67f61203894882a61ed0df22dc6bb5867051d82111b3cd2f907d7f702cbdf0fe,3eeb367706ed642d8ee96b78eb41b199625e81ba5fbd4df96ffe5c9928964d4b,200,2021-02-20T00:44:36.332905,,
492,application/x-zip-compressed,0.635,697dbfe28573767f45aeb099d7babe91561e95353609c8a18ab855fbd0dc96f5,7937d4461ac9ee183946138b93d67868edbc39ddd5f589eac8c4f6cdde08e9e4,200,2021-02-20T00:44:36.332905,,
16821,application/vnd.openxmlformats-officedocument.spreadsheetml.sheet,0.866,6c56f27c240da02d6bf0449bbd4c8f71163fe60be0ebacefbd2e5480a899aa48,a475b18d7eddcb7c3d88b8671ab193c34df929f131d646a5357e6472ec885b39,200,2021-02-20T00:44:36.332905,,
6217,text/csv,0.074,80ba52142432123215915ed80bbee5b568de768a92ef8f7b97fe872a57fa6c5f,9dff86d3399b09c76da7353d65d52539fd8fcb25c934a815b5d13326c1a7141a,200,2021-02-20T00:44:36.332905,,
215,application/xml,0.397,819b2ef6fabea4142cbd05d7e5449a404ca6a5a8258cec711a4a8354f6a51a0a,,404,2021-02-20T00:44:36.332905,,
,application/octet-stream,0.379,86b8b9fb695025941a7f16e9db7c35b5573345460b92d95383d537ad14470ccd,db0657204595c9253cdc9ecb7fac06615af433148eae36898ba31699f2c86e7f,200,2021-02-20T00:44:36.332905,,
5416,application/vnd.ms-excel,0.454,871a30878a9f39e64c8f27a2d6eb63b1445122df929388235dc6ad773fc87778,1185abfc82b22f7964c9db5c45eb0bdc59f880cbf06fe76699ff4f44d413c37e,200,2021-02-20T00:44:36.332905,,
21220,application/octet-stream,0.687,8e78089325ae9aa83ac898bdac70b13f48c3867b3d310af4a9016b29c70c8c35,0e3eb04edb0e4d864de1a8979dd9b703a43af5631159e1c3ad4a243e034ab8e8,200,2021-02-20T00:44:36.332905,,
4643,text/csv,0.736,914e84dd87312abf478d67da171e8dc5c8e6946ce7ad0d32737dab75f5530698,4040b7684b6073a8f5d209f62b20af04fba7e19f6e35002debd1bf148c25a87e,200,2021-02-20T00:44:36.332905,,
,,0.98,96b7450b1f36e003fe640407e12ff8818015401412c3ec0bddcdba7afb369896,1a7662f136386bd8b30a7a31e11111559b0cb89a69c0fe5679d5948fb8e9c3c8,200,2021-02-20T00:44:36.332905,,
4158,application/vnd.ms-excel,0.875,9afe15840237f1b985ff722088913e650834d2827f6b0119422f0242da53be5f,8f9747e53a2edbc5da5ecd95b90dca06a644a72ea346d12cc690057e79e1caac,200,2021-02-20T00:44:36.332905,,
33881,text/csv,0.831,9c3bc807103396ac8676859a0ef89768e8f67ee4a677da0693333571e1c50f4c,a4158b07dda1a153d640c7ad7d8e6ac95178985e7bf6d96fc31468071c9b159a,200,2021-02-20T00:44:36.332905,,
5869,application/vnd.ms-excel,0.833,9ef56ec1d69b833696cf01772f596dae6ffde5e510c0980988b2b7180a4a4735,e7ca5b3b0157972149b2a38c06e7fb63a96c74d5d7cd287101adad2653167653,200,2021-02-20T00:44:36.332905,,
17077,text/csv,1.29,ab5f9891cd4f8fdb4b5a70b17c6b5134d5a5de750f751f039de1000a2931cb95,5ebbcf5d700d52e14de64560697440ee1515e7a68ca7d1d7817213f81c53a76b,200,2021-02-20T00:44:36.332905,,
437,text/csv,0.843,ac85cd6749b8dec9b8be4ec6cf88ae721abeea9089c0f72fb50f8809dfc80050,935583b64cfbe7afded7d700d16afdc2257ba8335806a481e9968ea5a2062f26,200,2021-02-20T00:44:36.332905,,
6437,application/octet-stream,0.33,acc64c0dfd7cb892710745cc128c5a52c05c5219274baf6fc04c615caa343203,01e0140a6d4dd19f9be9bf4b67a9e60c2f27c7f290032e1be7d3d2b4842b32c1,200,2021-02-20T00:44:36.332905,,
4936,application/octet-stream,0.607,b4a9ea1d51cabb43df3b2597cf9b403e66a7711a69743420c1c75c0302b72007,72f558e37c1d6c89106323886ed354498545abcf50f3f4fa34d622f7174ebab9,200,2021-02-20T00:44:36.332905,,
691,text/csv,1.101,b95d4641513f0b999d42de4eeefce08fcbe7d0ddc4d5970c7a9e8aa330ecf15a,d2278626ea7d643cb19f37ca81e5f01e02fb2a2d61f26ad5931e6f983ba203a9,200,2021-02-20T00:44:36.332905,,
950,application/octet-stream,0.423,cbbd6e49bad34c453957aa803a235eb657a79397b0845aa7b383ea4ac2fbf092,d2875a91f628c3a081595c1a798a1ccae06dbefe03d168da3a892d6c16c6cf3a,200,2021-02-20T00:44:36.332905,,
2048,application/octet-stream,0.42,ceab451289dbca5d078da2e7aafeef58392d5dc410d718e086859fa41a6d8810,e903e4fbe6154cd629d55a171f6d164f5fcdc2b0e49517a0414e54741b55bb86,200,2021-02-20T00:44:36.332905,,
13173,text/csv,0.827,dada07835331757552efca96881859b4c5159c89fe44837b6185da761d80e54f,c00186b3bc331dcfdaea2fcae30f437f7cab5bc1de08aa1c95d4ec8b7ee87621,200,2021-02-20T00:44:36.332905,,
13767,text/csv,0.705,e08f600e90eb62a72fe50b79d49681b2d64a966df97fc77dc6c20a8a8a09f43e,08711612fcde44985ba344127826cadf611dacf65716c3f6ca8b97b8cb8db07e,200,2021-02-20T00:44:36.332905,,
5943,text/csv,0.512,e771020a1b6988d816e809cee11bc8a8bc46a31d7c74640340f67d64d4dc7d40,d122952b0db54197ef4ea5bc5db9f2b996cd15adf4518ed55da03b62e49983cb,200,2021-02-20T00:44:36.332905,,
1811,text/csv,0.717,ea080017f5b7e966e610a093053208abc19117506eca678fd3532938502e519d,4579e644c2aae3f294119f87085abdf28d64749d8c56c08fc824497ade34f74d,200,2021-02-20T00:44:36.332905,,
5538,application/octet-stream,0.653,ea306a1820af9ac94bbf75ae6de68a40a8446d1c1988a8ff2f4956dda6080196,03d1d1d57f17a930761ccc80fe3ac5b839d1c4b4bd0f3c46e4af535c7bcb30e0,200,2021-02-20T00:44:36.332905,,
4367,application/octet-stream,0.498,ee9944f8f80e2eb0bc662cdabd825e4e4db64a5416112c6e442f23f12263b341,985b0cf53b7e9ac7cba0a3df1cccb0d51218cb4c74d859059bc4bcdf9dab6b47,200,2021-02-20T00:44:36.332905,,
12106,text/html; charset=utf-8,1.319,f5fc273210dfd5dc13e851eddc2f07d7b3cc57239c701cb872d4580d1c3c5b05,,200,2021-02-20T00:44:36.332905,,
11929,text/html; charset=utf-8,0.975,f72c927f7cc0a10adfe5d44facd25c31025403dc46b9e55815e67c26957a60e0,,200,2021-02-20T00:44:36.332905,,
14339,application/vnd.openxmlformats-officedocument.spreadsheetml.sheet,0.697,fa1741152bf57edffcec7fe60c60be95450df6d95cfc71696609617e2015a18b,61915bf3624776697231d10fc0fa1221339662418ada2fdbefdec9fd552194f7,200,2021-02-20T00:44:36.332905,,
8314,application/octet-stream,0.644,fac58beef7997f7697044f4ad77e922092c43182bb6fe746631785e760d452cd,6810eaab2a893bd470268834c8457a2969fefb36fc3fa66ee0fb25e18677dc9d,200,2021-02-20T00:44:36.332905,,
